goal_index,object,place,x,y,z,w
1,beer,room302,-7.2812256813,-3.27189588547,0.998469766025,-0.0553003285109
2,bed,room302,-7.2812256813,-3.27189588547,0.998469766025,-0.0553003285109
3,monitor,room304,0.931167960167,-4.29486131668,-0.311123155436,0.95036960291
4,bag,room302,-7.2812256813,-3.27189588547,0.998469766025,-0.0553003285109
5,chair,room304,0.931167960167,-4.29486131668,-0.311123155436,0.95036960291
6,center,room303,0.931167960167,-4.29486131668,-0.311123155436,0.95036960291
7,center,room302,-7.2812256813,-3.27189588547,0.998469766025,-0.0553003285109
8,center,corridor,-1.71146466338,-0.0154249402888,0.746533471779,0.665347860532
9,center,elevator,-1.82431411743,6.77809429169,0.707106781187,0.707106781187
